customer_state,品类,件数,件均价
TO,beleza_saude,36,133.31
TO,relogios_presentes,29,169.69
TO,esporte_lazer,25,205.77
TO,telefonia,21,60.39
TO,informatica_acessorios,20,207.36
TO,moveis_decoracao,17,117.42
TO,automotivo,16,151.18
TO,cool_stuff,16,214.34
TO,brinquedos,13,143.4
TO,ferramentas_jardim,13,92.79
TO,perfumaria,13,138.84
TO,utilidades_domesticas,13,71.24
TO,cama_mesa_banho,10,101.08
TO,fashion_bolsas_e_acessorios,8,41.42
TO,bebes,7,311.38
TO,eletronicos,7,21.18
TO,moveis_escritorio,6,204.42
TO,consoles_games,4,82.18
TO,pet_shop,4,83.08
TO,未分类,4,108.25
TO,eletrodomesticos_2,3,338.99
TO,papelaria,3,92.27
TO,construcao_ferramentas_iluminacao,2,137.0
TO,livros_tecnicos,2,102.3
TO,malas_acessorios,2,174.9
TO,moveis_sala,2,123.1
TO,telefonia_fixa,2,695.5
TO,audio,1,175.0
TO,casa_conforto,1,599.0
TO,casa_construcao,1,79.9
TO,eletrodomesticos,1,143.75
TO,fashion_calcados,1,199.7
TO,industria_comercio_e_negocios,1,69.0
TO,instrumentos_musicais,1,36.9
TO,livros_interesse_geral,1,32.9
TO,market_place,1,62.8
TO,moveis_cozinha_area_de_servico_jantar_e_jardim,1,129.0
TO,pcs,1,1200.0
TO,portateis_casa_forno_e_cafe,1,1999.0
SP,cama_mesa_banho,5157,91.57
SP,beleza_saude,4125,110.04
SP,esporte_lazer,3576,104.88
SP,moveis_decoracao,3454,80.47
SP,utilidades_domesticas,3184,84.69
SP,informatica_acessorios,3099,110.05
SP,relogios_presentes,2234,188.7
SP,automotivo,1716,122.0
SP,brinquedos,1674,107.58
SP,telefonia,1612,61.43
SP,ferramentas_jardim,1532,96.7
SP,perfumaria,1444,112.48
SP,cool_stuff,1339,155.79
SP,bebes,1230,122.77
SP,papelaria,1044,83.97
SP,eletronicos,994,51.88
SP,pet_shop,889,99.53
SP,fashion_bolsas_e_acessorios,841,66.71
SP,moveis_escritorio,655,162.91
SP,未分类,624,100.77
SP,consoles_games,472,126.02
SP,malas_acessorios,451,125.67
SP,construcao_ferramentas_construcao,422,141.14
SP,eletrodomesticos,341,98.56
SP,eletroportateis,296,231.1
SP,alimentos,283,54.03
SP,casa_construcao,264,125.59
SP,instrumentos_musicais,260,260.1
SP,livros_interesse_geral,224,85.71
SP,bebidas,205,43.31
SP,casa_conforto,201,134.08
SP,moveis_sala,200,112.92
SP,audio,144,121.66
SP,construcao_ferramentas_iluminacao,141,126.91
SP,moveis_cozinha_area_de_servico_jantar_e_jardim,137,170.52
SP,climatizacao,136,164.4
SP,alimentos_bebidas,129,48.62
SP,industria_comercio_e_negocios,128,144.69
SP,market_place,115,84.94
SP,livros_tecnicos,111,64.59
SP,telefonia_fixa,111,117.03
SP,construcao_ferramentas_jardim,96,77.59
SP,agro_industria_e_comercio,94,275.15
SP,sinalizacao_e_seguranca,94,83.99
SP,artes,91,160.58
SP,fashion_calcados,89,75.15
SP,eletrodomesticos_2,87,371.09
SP,construcao_ferramentas_seguranca,64,220.29
SP,pcs,59,1050.73
SP,fashion_roupa_masculina,54,77.69
SP,fashion_underwear_e_moda_praia,53,66.43
SP,moveis_quarto,52,191.27
SP,artigos_de_natal,50,42.88
SP,livros_importados,36,67.76
SP,construcao_ferramentas_ferramentas,33,205.64
SP,portateis_casa_forno_e_cafe,33,493.5
SP,tablets_impressao_imagem,32,76.56
SP,cine_foto,30,64.8
SP,fraldas_higiene,30,35.3
SP,fashion_roupa_feminina,26,51.35
SP,dvds_blu_ray,21,135.85
SP,moveis_colchao_e_estofado,21,97.1
SP,artigos_de_festas,17,92.11
SP,artes_e_artesanato,16,56.64
SP,casa_conforto_2,14,32.63
SP,fashion_esporte,12,78.32
SP,musica,12,174.44
SP,flores,11,39.88
SP,portateis_cozinha_e_preparadores_de_alimentos,8,92.04
SP,cds_dvds_musicais,6,58.33
SP,la_cuisine,6,121.5
SP,fashion_roupa_infanto_juvenil,4,69.99
SP,pc_gamer,3,189.33
SE,beleza_saude,38,220.96
SE,informatica_acessorios,36,112.58
SE,esporte_lazer,33,91.74
SE,ferramentas_jardim,27,122.91
SE,telefonia,27,86.33
SE,moveis_decoracao,25,169.26
SE,automotivo,20,110.5
SE,relogios_presentes,20,144.8
SE,eletronicos,18,60.22
SE,cool_stuff,17,334.51
SE,cama_mesa_banho,15,120.81
SE,brinquedos,11,100.03
SE,utilidades_domesticas,10,126.75
SE,bebes,8,180.94
SE,fashion_bolsas_e_acessorios,8,58.31
SE,perfumaria,7,124.1
SE,consoles_games,6,288.67
SE,casa_construcao,3,294.98
SE,eletroportateis,3,495.57
SE,industria_comercio_e_negocios,3,84.0
SE,instrumentos_musicais,3,571.6
SE,malas_acessorios,3,96.57
SE,market_place,3,177.93
SE,moveis_escritorio,3,168.98
SE,moveis_sala,3,290.33
SE,papelaria,3,69.6
SE,pet_shop,3,57.51
SE,moveis_quarto,2,134.99
SE,sinalizacao_e_seguranca,2,84.99
SE,telefonia_fixa,2,34.99
SE,未分类,2,86.88
SE,alimentos,1,18.45
SE,alimentos_bebidas,1,119.9
SE,casa_conforto,1,219.0
SE,construcao_ferramentas_construcao,1,779.9
SE,construcao_ferramentas_iluminacao,1,230.0
SE,construcao_ferramentas_seguranca,1,77.9
SE,eletrodomesticos,1,80.0
SE,eletrodomesticos_2,1,119.99
SE,livros_importados,1,59.89
SE,livros_interesse_geral,1,135.0
SE,pcs,1,1200.0
SC,esporte_lazer,356,116.8
SC,moveis_decoracao,347,91.82
SC,cama_mesa_banho,326,94.75
SC,informatica_acessorios,309,116.69
SC,beleza_saude,304,129.15
SC,utilidades_domesticas,257,103.79
SC,relogios_presentes,184,180.6
SC,ferramentas_jardim,183,129.94
SC,automotivo,178,152.19
SC,telefonia,169,61.96
SC,cool_stuff,159,179.24
SC,eletronicos,123,67.34
SC,brinquedos,118,131.89
SC,perfumaria,116,119.15
SC,bebes,113,149.37
SC,papelaria,93,93.1
SC,pet_shop,85,106.09
SC,fashion_bolsas_e_acessorios,76,78.4
SC,moveis_escritorio,60,154.99
SC,未分类,60,116.36
SC,consoles_games,34,129.04
SC,malas_acessorios,34,172.56
SC,construcao_ferramentas_construcao,30,165.89
SC,eletroportateis,27,292.67
SC,casa_construcao,25,155.12
SC,eletrodomesticos,25,121.94
SC,instrumentos_musicais,25,296.26
SC,livros_interesse_geral,23,82.18
SC,alimentos,16,46.72
SC,construcao_ferramentas_iluminacao,16,93.7
SC,eletrodomesticos_2,16,393.27
SC,industria_comercio_e_negocios,16,91.93
SC,bebidas,14,63.71
SC,market_place,14,103.48
SC,artigos_de_natal,13,66.39
SC,construcao_ferramentas_seguranca,13,219.28
SC,moveis_sala,12,177.61
SC,casa_conforto,11,139.66
SC,audio,10,159.26
SC,sinalizacao_e_seguranca,10,61.25
SC,livros_tecnicos,9,101.93
SC,fashion_underwear_e_moda_praia,8,45.9
SC,fashion_calcados,7,107.16
SC,moveis_cozinha_area_de_servico_jantar_e_jardim,7,102.07
SC,telefonia_fixa,7,273.84
SC,artes,6,70.36
SC,construcao_ferramentas_ferramentas,5,99.12
SC,construcao_ferramentas_jardim,5,46.84
SC,pcs,5,1214.0
SC,cine_foto,4,276.72
SC,climatizacao,4,149.9
SC,portateis_casa_forno_e_cafe,4,1188.72
SC,agro_industria_e_comercio,3,356.66
SC,alimentos_bebidas,3,30.23
SC,fashion_esporte,3,56.58
SC,moveis_quarto,3,267.67
SC,artigos_de_festas,2,129.45
SC,dvds_blu_ray,2,22.4
SC,fashion_roupa_masculina,2,44.94
SC,la_cuisine,2,247.0
SC,moveis_colchao_e_estofado,2,59.85
SC,artes_e_artesanato,1,289.49
SC,fashion_roupa_feminina,1,19.9
SC,fashion_roupa_infanto_juvenil,1,39.99
SC,livros_importados,1,24.95
RS,cama_mesa_banho,611,98.27
RS,moveis_decoracao,555,96.89
RS,informatica_acessorios,481,108.9
RS,esporte_lazer,468,109.97
RS,utilidades_domesticas,429,89.43
RS,beleza_saude,427,118.49
RS,telefonia,283,64.38
RS,ferramentas_jardim,281,118.0
RS,cool_stuff,259,170.05
RS,relogios_presentes,230,207.99
RS,brinquedos,208,137.86
RS,bebes,206,135.38
RS,automotivo,184,139.9
RS,eletronicos,165,50.78
RS,perfumaria,151,133.26
RS,papelaria,147,86.73
RS,pet_shop,97,112.35
RS,未分类,94,84.0
RS,fashion_bolsas_e_acessorios,80,102.16
RS,moveis_escritorio,66,154.95
RS,consoles_games,58,141.68
RS,malas_acessorios,55,123.09
RS,eletroportateis,45,340.39
RS,eletrodomesticos,44,139.58
RS,casa_construcao,43,174.37
RS,construcao_ferramentas_construcao,43,128.6
RS,instrumentos_musicais,31,239.89
RS,livros_interesse_geral,28,90.74
RS,construcao_ferramentas_iluminacao,24,93.86
RS,moveis_sala,24,149.29
RS,industria_comercio_e_negocios,23,136.85
RS,casa_conforto,21,142.47
RS,market_place,21,94.22
RS,telefonia_fixa,19,126.46
RS,bebidas,17,60.35
RS,sinalizacao_e_seguranca,17,81.91
RS,audio,16,140.32
RS,climatizacao,13,103.41
RS,moveis_cozinha_area_de_servico_jantar_e_jardim,13,151.51
RS,alimentos,12,57.41
RS,cine_foto,12,68.46
RS,eletrodomesticos_2,12,900.02
RS,livros_tecnicos,12,76.13
RS,fashion_calcados,10,74.28
RS,agro_industria_e_comercio,9,350.66
RS,artes,8,72.06
RS,construcao_ferramentas_ferramentas,8,139.17
RS,fashion_roupa_masculina,8,73.61
RS,pcs,8,1068.36
RS,alimentos_bebidas,6,41.5
RS,artigos_de_natal,6,80.82
RS,construcao_ferramentas_jardim,6,161.18
RS,construcao_ferramentas_seguranca,6,107.74
RS,cds_dvds_musicais,5,45.0
RS,artigos_de_festas,4,89.9
RS,dvds_blu_ray,4,38.4
RS,fashion_underwear_e_moda_praia,3,132.6
RS,flores,3,25.2
RS,la_cuisine,3,143.0
RS,portateis_casa_forno_e_cafe,3,164.97
RS,livros_importados,2,68.44
RS,casa_conforto_2,1,109.99
RS,fashion_esporte,1,24.99
RS,moveis_quarto,1,185.0
RS,musica,1,299.0
RS,pc_gamer,1,219.0
RS,portateis_cozinha_e_preparadores_de_alimentos,1,979.0
RS,tablets_impressao_imagem,1,99.0
RR,esporte_lazer,8,168.82
RR,beleza_saude,6,85.12
RR,informatica_acessorios,4,109.45
RR,moveis_decoracao,4,129.52
RR,telefonia,4,25.11
RR,cama_mesa_banho,3,203.23
RR,eletrodomesticos,3,318.06
RR,cool_stuff,2,64.99
RR,eletronicos,2,13.65
RR,ferramentas_jardim,2,105.0
RR,未分类,2,122.99
RR,automotivo,1,219.9
RR,bebes,1,949.9
RR,moveis_escritorio,1,289.9
RR,papelaria,1,39.99
RR,perfumaria,1,244.0
RR,relogios_presentes,1,219.0
RO,beleza_saude,25,283.43
RO,informatica_acessorios,23,90.5
RO,esporte_lazer,19,169.1
RO,telefonia,17,36.48
RO,brinquedos,15,205.27
RO,cama_mesa_banho,15,115.48
RO,relogios_presentes,14,316.3
RO,cool_stuff,13,187.7
RO,moveis_decoracao,13,118.86
RO,automotivo,10,138.92
RO,bebes,10,203.85
RO,fashion_bolsas_e_acessorios,9,70.28
RO,papelaria,8,90.45
RO,pet_shop,8,121.94
RO,ferramentas_jardim,7,79.34
RO,eletronicos,6,40.88
RO,malas_acessorios,6,196.93
RO,moveis_escritorio,6,181.31
RO,perfumaria,6,215.22
RO,未分类,6,96.61
RO,utilidades_domesticas,5,105.19
RO,agro_industria_e_comercio,4,22.0
RO,construcao_ferramentas_construcao,4,343.62
RO,artes,2,74.32
RO,artigos_de_natal,2,69.45
RO,construcao_ferramentas_jardim,2,50.18
RO,eletrodomesticos,2,130.79
RO,pcs,2,1249.95
RO,alimentos,1,98.99
RO,casa_conforto,1,229.0
RO,consoles_games,1,19.9
RO,construcao_ferramentas_seguranca,1,339.9
RO,dvds_blu_ray,1,24.9
RO,eletroportateis,1,99.9
RO,fashion_calcados,1,169.79
RO,industria_comercio_e_negocios,1,79.9
RO,instrumentos_musicais,1,39.9
RO,livros_interesse_geral,1,44.99
RO,market_place,1,149.99
RO,moveis_sala,1,139.9
RO,portateis_casa_forno_e_cafe,1,1999.0
RO,seguros_e_servicos,1,183.29
RN,beleza_saude,57,240.86
RN,relogios_presentes,48,209.43
RN,informatica_acessorios,31,82.62
RN,cama_mesa_banho,30,110.38
RN,moveis_decoracao,29,111.78
RN,livros_interesse_geral,27,53.06
RN,brinquedos,25,78.58
RN,telefonia,25,212.13
RN,utilidades_domesticas,25,75.3
RN,esporte_lazer,22,186.43
RN,cool_stuff,21,180.97
RN,perfumaria,20,142.23
RN,automotivo,19,222.24
RN,ferramentas_jardim,18,155.63
RN,bebes,15,155.63
RN,papelaria,13,261.77
RN,pet_shop,13,177.05
RN,eletronicos,12,28.35
RN,construcao_ferramentas_construcao,8,206.95
RN,fashion_bolsas_e_acessorios,8,181.97
RN,consoles_games,6,275.83
RN,未分类,6,96.42
RN,moveis_escritorio,5,248.94
RN,alimentos_bebidas,4,89.01
RN,construcao_ferramentas_jardim,3,54.57
RN,eletroportateis,3,88.99
RN,moveis_quarto,3,84.0
RN,alimentos,2,34.95
RN,eletrodomesticos,2,217.12
RN,eletrodomesticos_2,2,719.95
RN,instrumentos_musicais,2,204.9
RN,market_place,2,64.9
RN,moveis_cozinha_area_de_servico_jantar_e_jardim,2,169.95
RN,artes,1,79.99
RN,artigos_de_natal,1,19.83
RN,audio,1,189.0
RN,casa_conforto,1,89.9
RN,casa_construcao,1,452.6
RN,construcao_ferramentas_seguranca,1,138.9
RN,dvds_blu_ray,1,16.9
RN,fashion_calcados,1,199.7
RN,industria_comercio_e_negocios,1,150.0
RN,livros_tecnicos,1,65.0
RN,malas_acessorios,1,299.9
RN,moveis_colchao_e_estofado,1,249.0
RN,sinalizacao_e_seguranca,1,75.0
RJ,cama_mesa_banho,1605,89.88
RJ,moveis_decoracao,1057,90.39
RJ,beleza_saude,1028,136.42
RJ,esporte_lazer,1015,118.48
RJ,informatica_acessorios,976,119.96
RJ,relogios_presentes,846,206.73
RJ,utilidades_domesticas,845,87.67
RJ,ferramentas_jardim,634,112.11
RJ,brinquedos,570,127.46
RJ,cool_stuff,502,159.41
RJ,perfumaria,439,120.71
RJ,automotivo,431,149.42
RJ,eletronicos,430,59.36
RJ,telefonia,419,86.94
RJ,bebes,347,118.49
RJ,papelaria,319,97.86
RJ,moveis_escritorio,301,150.21
RJ,未分类,212,107.2
RJ,pet_shop,211,117.33
RJ,fashion_bolsas_e_acessorios,199,81.69
RJ,consoles_games,136,120.61
RJ,construcao_ferramentas_construcao,119,172.8
RJ,malas_acessorios,119,122.67
RJ,moveis_sala,115,143.66
RJ,eletroportateis,85,341.4
RJ,eletrodomesticos,79,111.33
RJ,instrumentos_musicais,77,260.55
RJ,casa_construcao,71,98.42
RJ,climatizacao,67,232.78
RJ,casa_conforto,61,130.41
RJ,audio,58,161.39
RJ,bebidas,53,104.24
RJ,alimentos_bebidas,50,54.11
RJ,livros_interesse_geral,50,80.87
RJ,alimentos,47,59.75
RJ,moveis_cozinha_area_de_servico_jantar_e_jardim,46,159.96
RJ,eletrodomesticos_2,45,640.5
RJ,construcao_ferramentas_jardim,38,160.35
RJ,market_place,34,76.82
RJ,telefonia_fixa,33,542.15
RJ,artes,32,91.7
RJ,livros_tecnicos,29,55.92
RJ,fashion_calcados,28,82.19
RJ,industria_comercio_e_negocios,28,111.66
RJ,agro_industria_e_comercio,27,316.33
RJ,construcao_ferramentas_iluminacao,21,155.14
RJ,pcs,21,1044.35
RJ,moveis_quarto,19,179.42
RJ,sinalizacao_e_seguranca,19,121.35
RJ,construcao_ferramentas_seguranca,17,160.97
RJ,fashion_underwear_e_moda_praia,17,79.97
RJ,artigos_de_natal,14,43.02
RJ,dvds_blu_ray,12,33.51
RJ,fashion_roupa_masculina,10,86.75
RJ,tablets_impressao_imagem,10,90.78
RJ,construcao_ferramentas_ferramentas,9,119.19
RJ,flores,8,31.95
RJ,moveis_colchao_e_estofado,8,127.5
RJ,musica,8,127.23
RJ,artigos_de_festas,6,48.58
RJ,portateis_casa_forno_e_cafe,6,555.35
RJ,cine_foto,5,105.72
RJ,livros_importados,5,82.76
RJ,casa_conforto_2,4,12.9
RJ,cds_dvds_musicais,2,45.0
RJ,fashion_esporte,2,64.9
RJ,fraldas_higiene,2,97.45
RJ,pc_gamer,2,129.99
RJ,fashion_roupa_feminina,1,54.9
RJ,fashion_roupa_infanto_juvenil,1,110.0
RJ,portateis_cozinha_e_preparadores_de_alimentos,1,83.9
PR,moveis_decoracao,516,95.35
PR,esporte_lazer,476,121.12
PR,cama_mesa_banho,463,98.05
PR,beleza_saude,414,129.78
PR,informatica_acessorios,383,113.54
PR,utilidades_domesticas,336,92.75
PR,relogios_presentes,299,191.6
PR,telefonia,250,53.09
PR,automotivo,228,117.75
PR,cool_stuff,214,175.01
PR,ferramentas_jardim,207,99.56
PR,brinquedos,202,114.99
PR,eletronicos,177,51.85
PR,bebes,158,134.52
PR,perfumaria,153,103.49
PR,papelaria,126,87.72
PR,fashion_bolsas_e_acessorios,118,67.0
PR,pet_shop,89,92.24
PR,moveis_escritorio,88,168.49
PR,未分类,77,108.04
PR,construcao_ferramentas_construcao,51,180.41
PR,malas_acessorios,50,127.16
PR,consoles_games,44,128.38
PR,eletrodomesticos,44,132.37
PR,eletroportateis,41,255.08
PR,instrumentos_musicais,36,283.63
PR,livros_interesse_geral,36,81.48
PR,alimentos,27,55.76
PR,casa_construcao,24,114.5
PR,audio,18,157.85
PR,construcao_ferramentas_seguranca,18,121.36
PR,fashion_calcados,18,59.28
PR,alimentos_bebidas,16,40.84
PR,moveis_sala,16,122.54
PR,bebidas,15,96.62
PR,eletrodomesticos_2,15,333.99
PR,livros_tecnicos,15,117.63
PR,market_place,15,61.93
PR,moveis_cozinha_area_de_servico_jantar_e_jardim,14,245.65
PR,casa_conforto,13,125.93
PR,construcao_ferramentas_iluminacao,13,158.61
PR,agro_industria_e_comercio,12,408.63
PR,climatizacao,12,279.48
PR,fashion_roupa_masculina,12,88.44
PR,industria_comercio_e_negocios,11,102.54
PR,artes,8,84.24
PR,construcao_ferramentas_ferramentas,8,33.37
PR,portateis_casa_forno_e_cafe,8,1073.75
PR,moveis_quarto,7,9.04
PR,musica,7,79.8
PR,artigos_de_natal,6,31.69
PR,construcao_ferramentas_jardim,6,108.1
PR,fashion_underwear_e_moda_praia,6,44.26
PR,telefonia_fixa,6,46.61
PR,dvds_blu_ray,5,20.9
PR,pcs,4,1669.24
PR,sinalizacao_e_seguranca,3,90.6
PR,tablets_impressao_imagem,3,83.33
PR,artigos_de_festas,2,158.8
PR,cine_foto,2,146.8
PR,fashion_roupa_feminina,2,44.95
PR,fraldas_higiene,2,48.5
PR,livros_importados,2,61.0
PR,casa_conforto_2,1,12.9
PR,fashion_esporte,1,49.9
PI,beleza_saude,53,192.55
PI,relogios_presentes,41,188.69
PI,informatica_acessorios,35,142.23
PI,telefonia,35,79.62
PI,cama_mesa_banho,34,111.11
PI,automotivo,33,303.56
PI,esporte_lazer,33,167.45
PI,brinquedos,28,136.03
PI,eletronicos,21,60.81
PI,cool_stuff,20,174.54
PI,moveis_decoracao,19,71.54
PI,utilidades_domesticas,19,131.9
PI,ferramentas_jardim,16,227.68
PI,perfumaria,15,113.04
PI,bebes,12,357.76
PI,papelaria,10,112.96
PI,consoles_games,8,192.57
PI,moveis_escritorio,8,151.58
PI,pet_shop,7,199.54
PI,未分类,7,82.02
PI,instrumentos_musicais,6,230.27
PI,malas_acessorios,5,126.12
PI,audio,4,59.92
PI,casa_construcao,4,205.15
PI,construcao_ferramentas_jardim,4,75.08
PI,eletrodomesticos,4,77.12
PI,fashion_bolsas_e_acessorios,4,52.2
PI,agro_industria_e_comercio,3,106.33
PI,casa_conforto,3,166.3
PI,climatizacao,3,156.3
PI,industria_comercio_e_negocios,3,291.43
PI,pcs,3,783.33
PI,tablets_impressao_imagem,3,99.0
PI,artes,2,110.99
PI,livros_tecnicos,2,60.0
PI,market_place,2,51.44
PI,moveis_sala,2,109.9
PI,telefonia_fixa,2,155.0
PI,alimentos,1,149.9
PI,alimentos_bebidas,1,215.56
PI,artigos_de_festas,1,231.2
PI,bebidas,1,90.0
PI,construcao_ferramentas_iluminacao,1,297.0
PI,dvds_blu_ray,1,25.0
PI,eletrodomesticos_2,1,599.5
PI,fashion_calcados,1,199.7
PI,fashion_underwear_e_moda_praia,1,152.0
PI,livros_interesse_geral,1,133.9
PE,beleza_saude,233,174.61
PE,relogios_presentes,163,189.54
PE,esporte_lazer,140,130.33
PE,telefonia,127,83.15
PE,informatica_acessorios,106,122.48
PE,moveis_decoracao,94,95.95
PE,cama_mesa_banho,90,101.6
PE,automotivo,79,138.41
PE,cool_stuff,79,180.32
PE,ferramentas_jardim,64,105.7
PE,brinquedos,61,137.89
PE,utilidades_domesticas,58,87.96
PE,perfumaria,48,135.6
PE,papelaria,47,95.14
PE,bebes,41,120.47
PE,eletronicos,38,49.86
PE,fashion_bolsas_e_acessorios,33,65.73
PE,pet_shop,23,124.56
PE,未分类,23,179.9
PE,moveis_escritorio,20,175.98
PE,consoles_games,19,293.28
PE,malas_acessorios,13,125.79
PE,construcao_ferramentas_construcao,12,216.15
PE,instrumentos_musicais,11,582.77
PE,fashion_calcados,10,114.96
PE,pcs,9,883.0
PE,alimentos,8,75.44
PE,casa_conforto,8,121.3
PE,casa_construcao,7,191.66
PE,livros_interesse_geral,7,74.8
PE,construcao_ferramentas_jardim,6,165.92
PE,agro_industria_e_comercio,5,1122.38
PE,alimentos_bebidas,5,134.4
PE,eletrodomesticos,5,47.53
PE,artigos_de_natal,4,93.11
PE,audio,4,110.45
PE,livros_tecnicos,4,78.35
PE,market_place,4,68.74
PE,moveis_cozinha_area_de_servico_jantar_e_jardim,4,262.97
PE,construcao_ferramentas_seguranca,3,275.39
PE,eletroportateis,3,260.63
PE,moveis_sala,3,102.93
PE,telefonia_fixa,3,29.96
PE,construcao_ferramentas_iluminacao,2,169.99
PE,dvds_blu_ray,2,17.4
PE,eletrodomesticos_2,2,480.0
PE,fashion_underwear_e_moda_praia,2,100.95
PE,flores,2,54.9
PE,industria_comercio_e_negocios,2,219.0
PE,sinalizacao_e_seguranca,2,38.9
PE,tablets_impressao_imagem,2,99.0
PE,artes,1,110.99
PE,cine_foto,1,49.8
PE,climatizacao,1,186.9
PE,construcao_ferramentas_ferramentas,1,190.0
PE,pc_gamer,1,129.99
PE,portateis_casa_forno_e_cafe,1,640.99
PB,beleza_saude,76,206.47
PB,informatica_acessorios,53,135.76
PB,moveis_decoracao,42,105.76
PB,relogios_presentes,41,319.58
PB,cama_mesa_banho,32,109.21
PB,esporte_lazer,31,132.09
PB,telefonia,26,121.06
PB,cool_stuff,25,218.33
PB,utilidades_domesticas,23,106.25
PB,automotivo,22,188.24
PB,papelaria,18,118.34
PB,perfumaria,18,133.45
PB,brinquedos,16,213.0
PB,ferramentas_jardim,15,372.67
PB,fashion_bolsas_e_acessorios,14,75.79
PB,eletronicos,13,197.96
PB,bebes,12,153.55
PB,moveis_escritorio,10,119.13
PB,未分类,9,304.84
PB,construcao_ferramentas_seguranca,8,73.74
PB,pet_shop,8,98.31
PB,consoles_games,7,124.77
PB,malas_acessorios,7,152.36
PB,sinalizacao_e_seguranca,6,175.0
PB,casa_construcao,5,191.85
PB,livros_interesse_geral,5,36.94
PB,telefonia_fixa,5,369.16
PB,eletroportateis,4,517.09
PB,instrumentos_musicais,4,251.95
PB,pcs,4,1782.0
PB,industria_comercio_e_negocios,3,1107.32
PB,market_place,3,140.93
PB,moveis_sala,3,157.63
PB,alimentos,2,63.45
PB,eletrodomesticos,2,1155.0
PB,fashion_calcados,2,71.82
PB,fashion_roupa_feminina,2,54.9
PB,agro_industria_e_comercio,1,59.99
PB,artes,1,110.99
PB,audio,1,79.0
PB,casa_conforto,1,86.9
PB,climatizacao,1,35.9
PB,construcao_ferramentas_construcao,1,226.9
PB,construcao_ferramentas_ferramentas,1,309.0
PB,construcao_ferramentas_jardim,1,599.9
PB,fraldas_higiene,1,47.0
PB,moveis_cozinha_area_de_servico_jantar_e_jardim,1,409.0
PA,beleza_saude,105,224.25
PA,informatica_acessorios,86,132.46
PA,esporte_lazer,81,151.84
PA,telefonia,77,104.38
PA,relogios_presentes,73,296.38
PA,moveis_decoracao,69,128.52
PA,automotivo,49,154.52
PA,cool_stuff,46,140.3
PA,bebes,44,224.61
PA,cama_mesa_banho,38,92.28
PA,ferramentas_jardim,37,154.55
PA,utilidades_domesticas,37,124.19
PA,perfumaria,35,128.01
PA,fashion_bolsas_e_acessorios,31,67.82
PA,eletronicos,28,102.71
PA,brinquedos,27,138.21
PA,moveis_escritorio,26,149.43
PA,papelaria,22,113.49
PA,未分类,18,474.95
PA,consoles_games,14,143.84
PA,pet_shop,11,179.99
PA,instrumentos_musicais,10,173.34
PA,eletrodomesticos,9,71.08
PA,eletroportateis,9,374.03
PA,malas_acessorios,7,216.52
PA,artigos_de_natal,6,116.9
PA,livros_interesse_geral,5,34.34
PA,market_place,5,97.03
PA,fashion_calcados,4,135.6
PA,fashion_esporte,4,39.9
PA,pcs,4,829.75
PA,tablets_impressao_imagem,4,90.45
PA,cine_foto,3,83.23
PA,fashion_underwear_e_moda_praia,3,60.57
PA,sinalizacao_e_seguranca,3,49.9
PA,agro_industria_e_comercio,2,554.99
PA,artes,2,84.94
PA,casa_construcao,2,124.9
PA,construcao_ferramentas_construcao,2,243.94
PA,fashion_roupa_masculina,2,128.44
PA,livros_importados,2,64.99
PA,livros_tecnicos,2,74.44
PA,alimentos_bebidas,1,64.6
PA,audio,1,568.0
PA,bebidas,1,105.0
PA,construcao_ferramentas_ferramentas,1,27.0
PA,construcao_ferramentas_iluminacao,1,29.0
PA,construcao_ferramentas_jardim,1,139.9
PA,moveis_cozinha_area_de_servico_jantar_e_jardim,1,48.9
PA,moveis_sala,1,179.99
PA,portateis_cozinha_e_preparadores_de_alimentos,1,979.0
PA,telefonia_fixa,1,577.99
MT,beleza_saude,89,171.26
MT,moveis_decoracao,75,87.59
MT,esporte_lazer,73,105.08
MT,cama_mesa_banho,70,101.79
MT,telefonia,63,49.6
MT,relogios_presentes,61,246.01
MT,informatica_acessorios,55,161.33
MT,automotivo,54,186.8
MT,utilidades_domesticas,52,70.01
MT,ferramentas_jardim,51,153.89
MT,cool_stuff,45,163.19
MT,brinquedos,44,133.12
MT,bebes,33,207.02
MT,perfumaria,30,94.57
MT,papelaria,28,111.18
MT,eletronicos,26,37.91
MT,moveis_escritorio,20,186.04
MT,pet_shop,15,193.75
MT,fashion_bolsas_e_acessorios,13,36.57
MT,未分类,12,86.87
MT,consoles_games,9,147.83
MT,eletrodomesticos,8,127.79
MT,eletroportateis,8,437.86
MT,malas_acessorios,8,142.45
MT,alimentos,7,104.91
MT,casa_construcao,7,155.04
MT,construcao_ferramentas_construcao,7,459.41
MT,instrumentos_musicais,6,636.45
MT,sinalizacao_e_seguranca,6,486.57
MT,climatizacao,5,117.16
MT,livros_tecnicos,5,60.26
MT,market_place,5,132.45
MT,audio,4,167.95
MT,casa_conforto,4,171.95
MT,construcao_ferramentas_seguranca,4,265.9
MT,construcao_ferramentas_iluminacao,3,216.66
MT,fashion_calcados,3,159.5
MT,industria_comercio_e_negocios,3,93.67
MT,moveis_cozinha_area_de_servico_jantar_e_jardim,3,220.0
MT,moveis_sala,3,173.29
MT,agro_industria_e_comercio,2,265.0
MT,eletrodomesticos_2,2,302.94
MT,livros_interesse_geral,2,22.25
MT,moveis_quarto,2,234.9
MT,pcs,2,1445.0
MT,tablets_impressao_imagem,2,25.4
MT,artes,1,69.99
MT,artigos_de_natal,1,79.9
MT,bebidas,1,19.49
MT,cine_foto,1,675.99
MT,construcao_ferramentas_ferramentas,1,190.0
MT,fashion_roupa_feminina,1,34.99
MT,fashion_roupa_masculina,1,147.5
MT,portateis_casa_forno_e_cafe,1,750.0
MS,esporte_lazer,74,122.94
MS,moveis_decoracao,65,89.53
MS,beleza_saude,64,175.49
MS,cama_mesa_banho,64,89.79
MS,informatica_acessorios,62,157.08
MS,utilidades_domesticas,39,278.51
MS,relogios_presentes,37,168.97
MS,brinquedos,34,104.64
MS,bebes,31,148.72
MS,telefonia,28,52.7
MS,automotivo,26,274.72
MS,cool_stuff,25,237.76
MS,pet_shop,25,102.8
MS,perfumaria,24,71.71
MS,eletronicos,22,68.77
MS,ferramentas_jardim,22,231.59
MS,papelaria,22,78.55
MS,construcao_ferramentas_construcao,14,122.5
MS,fashion_bolsas_e_acessorios,14,73.61
MS,construcao_ferramentas_iluminacao,9,100.55
MS,malas_acessorios,9,151.74
MS,未分类,9,70.66
MS,casa_construcao,7,145.57
MS,instrumentos_musicais,7,511.79
MS,consoles_games,6,78.01
MS,eletrodomesticos,6,42.08
MS,eletroportateis,6,46.72
MS,alimentos,4,96.06
MS,bebidas,4,49.99
MS,eletrodomesticos_2,4,192.42
MS,fashion_calcados,4,136.5
MS,livros_tecnicos,4,42.71
MS,moveis_escritorio,4,184.94
MS,agro_industria_e_comercio,3,175.63
MS,dvds_blu_ray,3,149.6
MS,fashion_underwear_e_moda_praia,3,147.3
MS,moveis_sala,3,139.6
MS,artigos_de_natal,2,17.8
MS,construcao_ferramentas_jardim,2,90.5
MS,construcao_ferramentas_seguranca,2,1092.94
MS,livros_interesse_geral,2,115.5
MS,market_place,2,59.44
MS,tablets_impressao_imagem,2,99.0
MS,alimentos_bebidas,1,18.6
MS,artes,1,129.99
MS,audio,1,190.9
MS,casa_conforto,1,86.9
MS,construcao_ferramentas_ferramentas,1,6.8
MS,flores,1,31.2
MS,industria_comercio_e_negocios,1,89.9
MS,moveis_quarto,1,179.0
MS,pcs,1,599.0
MS,portateis_casa_forno_e_cafe,1,750.0
MS,sinalizacao_e_seguranca,1,358.0
MS,telefonia_fixa,1,32.99
MG,cama_mesa_banho,1322,97.4
MG,beleza_saude,1064,145.04
MG,informatica_acessorios,981,111.19
MG,esporte_lazer,945,116.35
MG,moveis_decoracao,936,82.89
MG,utilidades_domesticas,814,92.03
MG,relogios_presentes,626,194.28
MG,ferramentas_jardim,603,99.28
MG,automotivo,499,143.31
MG,brinquedos,488,116.97
MG,telefonia,474,71.77
MG,cool_stuff,454,153.97
MG,perfumaria,396,119.49
MG,bebes,366,129.81
MG,eletronicos,295,70.55
MG,papelaria,269,91.1
MG,fashion_bolsas_e_acessorios,259,89.0
MG,pet_shop,250,127.95
MG,malas_acessorios,182,124.46
MG,未分类,179,100.48
MG,moveis_escritorio,167,168.56
MG,consoles_games,130,150.64
MG,construcao_ferramentas_construcao,120,147.76
MG,eletrodomesticos,85,63.97
MG,instrumentos_musicais,77,320.52
MG,eletroportateis,64,267.86
MG,casa_construcao,63,133.07
MG,casa_conforto,57,142.06
MG,livros_interesse_geral,54,82.79
MG,moveis_sala,47,163.37
MG,fashion_calcados,43,76.84
MG,construcao_ferramentas_iluminacao,41,152.86
MG,alimentos,37,55.76
MG,audio,34,162.62
MG,market_place,33,85.61
MG,construcao_ferramentas_jardim,29,79.38
MG,livros_tecnicos,29,65.55
MG,moveis_cozinha_area_de_servico_jantar_e_jardim,29,134.02
MG,alimentos_bebidas,26,73.61
MG,bebidas,25,74.62
MG,construcao_ferramentas_seguranca,24,277.22
MG,agro_industria_e_comercio,21,577.45
MG,climatizacao,20,218.96
MG,fashion_roupa_masculina,20,76.84
MG,eletrodomesticos_2,19,335.62
MG,pcs,19,1103.84
MG,artes,18,75.92
MG,artigos_de_natal,18,69.8
MG,construcao_ferramentas_ferramentas,18,95.56
MG,fashion_underwear_e_moda_praia,18,59.49
MG,industria_comercio_e_negocios,17,98.59
MG,telefonia_fixa,17,73.21
MG,sinalizacao_e_seguranca,11,68.59
MG,portateis_casa_forno_e_cafe,10,466.84
MG,tablets_impressao_imagem,10,85.17
MG,fashion_roupa_feminina,7,67.95
MG,artes_e_artesanato,6,81.46
MG,livros_importados,6,44.31
MG,moveis_quarto,6,339.8
MG,musica,6,113.89
MG,artigos_de_festas,5,220.6
MG,cine_foto,5,65.18
MG,flores,5,19.26
MG,dvds_blu_ray,4,67.19
MG,casa_conforto_2,3,12.9
MG,moveis_colchao_e_estofado,3,187.16
MG,fashion_esporte,2,132.45
MG,la_cuisine,2,133.0
MG,portateis_cozinha_e_preparadores_de_alimentos,2,566.95
MG,fraldas_higiene,1,43.0
MG,pc_gamer,1,129.99
MA,beleza_saude,88,143.96
MA,informatica_acessorios,67,181.39
MA,esporte_lazer,65,129.67
MA,telefonia,64,77.77
MA,relogios_presentes,59,164.63
MA,moveis_decoracao,45,98.79
MA,automotivo,39,135.67
MA,cama_mesa_banho,36,110.13
MA,cool_stuff,33,216.98
MA,perfumaria,30,146.22
MA,bebes,26,201.9
MA,fashion_bolsas_e_acessorios,25,77.79
MA,utilidades_domesticas,24,99.36
MA,ferramentas_jardim,23,84.63
MA,moveis_escritorio,23,161.55
MA,brinquedos,22,143.7
MA,papelaria,20,72.79
MA,eletronicos,13,29.45
MA,instrumentos_musicais,10,347.71
MA,pet_shop,10,84.64
MA,malas_acessorios,9,133.6
MA,market_place,9,74.7
MA,未分类,9,155.44
MA,consoles_games,6,221.92
MA,casa_construcao,5,142.75
MA,pcs,5,1357.4
MA,moveis_sala,4,379.98
MA,audio,3,244.63
MA,eletrodomesticos,3,432.6
MA,livros_interesse_geral,3,99.67
MA,livros_tecnicos,3,35.26
MA,alimentos_bebidas,2,52.0
MA,casa_conforto,2,342.95
MA,eletroportateis,2,131.45
MA,artigos_de_natal,1,116.9
MA,cds_dvds_musicais,1,65.0
MA,cine_foto,1,49.8
MA,climatizacao,1,199.0
MA,construcao_ferramentas_construcao,1,49.99
MA,construcao_ferramentas_iluminacao,1,250.0
MA,fashion_calcados,1,27.9
MA,fashion_esporte,1,205.9
MA,fashion_roupa_masculina,1,59.9
MA,industria_comercio_e_negocios,1,125.0
MA,livros_importados,1,749.0
MA,tablets_impressao_imagem,1,152.99
MA,telefonia_fixa,1,90.0
GO,cama_mesa_banho,231,96.47
GO,beleza_saude,227,123.22
GO,esporte_lazer,163,117.98
GO,relogios_presentes,142,221.74
GO,utilidades_domesticas,129,114.21
GO,informatica_acessorios,123,112.43
GO,moveis_decoracao,123,97.82
GO,telefonia,120,49.87
GO,ferramentas_jardim,117,128.49
GO,automotivo,98,115.4
GO,cool_stuff,93,188.09
GO,perfumaria,88,113.38
GO,brinquedos,81,96.41
GO,bebes,52,182.69
GO,未分类,52,164.04
GO,papelaria,48,94.87
GO,fashion_bolsas_e_acessorios,44,70.92
GO,eletronicos,33,25.9
GO,pet_shop,28,167.59
GO,consoles_games,22,108.49
GO,moveis_escritorio,22,143.72
GO,livros_interesse_geral,14,83.05
GO,casa_construcao,13,205.26
GO,eletrodomesticos,13,45.9
GO,malas_acessorios,12,136.06
GO,market_place,12,25.6
GO,construcao_ferramentas_construcao,11,112.11
GO,eletroportateis,10,259.49
GO,moveis_sala,10,138.16
GO,instrumentos_musicais,9,163.65
GO,casa_conforto,8,138.81
GO,alimentos,7,56.92
GO,audio,7,282.13
GO,bebidas,7,55.08
GO,climatizacao,7,134.41
GO,construcao_ferramentas_ferramentas,7,361.36
GO,construcao_ferramentas_seguranca,7,88.91
GO,fashion_calcados,7,146.04
GO,industria_comercio_e_negocios,7,204.02
GO,sinalizacao_e_seguranca,6,178.56
GO,telefonia_fixa,6,68.3
GO,agro_industria_e_comercio,5,288.08
GO,casa_conforto_2,5,12.9
GO,construcao_ferramentas_iluminacao,5,197.0
GO,construcao_ferramentas_jardim,5,66.14
GO,fashion_underwear_e_moda_praia,5,91.54
GO,pcs,5,711.99
GO,moveis_cozinha_area_de_servico_jantar_e_jardim,4,76.44
GO,artes,3,103.19
GO,artigos_de_natal,3,120.57
GO,eletrodomesticos_2,3,512.63
GO,fashion_roupa_masculina,3,102.87
GO,livros_tecnicos,3,65.55
GO,artigos_de_festas,2,21.9
GO,fashion_roupa_feminina,2,102.4
GO,cine_foto,1,119.0
GO,dvds_blu_ray,1,19.9
GO,flores,1,24.99
GO,la_cuisine,1,137.0
GO,moveis_colchao_e_estofado,1,85.0
GO,moveis_quarto,1,159.0
GO,musica,1,1165.97
GO,tablets_impressao_imagem,1,99.0
ES,cama_mesa_banho,223,101.3
ES,esporte_lazer,173,116.11
ES,beleza_saude,163,122.94
ES,informatica_acessorios,150,96.16
ES,relogios_presentes,149,188.42
ES,moveis_decoracao,145,89.05
ES,telefonia,114,78.71
ES,utilidades_domesticas,112,102.76
ES,ferramentas_jardim,102,102.86
ES,brinquedos,96,108.94
ES,automotivo,84,140.85
ES,eletronicos,78,42.13
ES,perfumaria,68,96.73
ES,cool_stuff,66,165.3
ES,bebes,61,136.82
ES,papelaria,50,110.07
ES,fashion_bolsas_e_acessorios,48,72.19
ES,moveis_escritorio,30,172.43
ES,pet_shop,26,83.5
ES,instrumentos_musicais,21,249.88
ES,consoles_games,20,101.36
ES,未分类,18,89.68
ES,malas_acessorios,16,159.59
ES,casa_construcao,15,143.25
ES,eletrodomesticos,15,74.73
ES,audio,14,85.56
ES,livros_tecnicos,14,81.33
ES,alimentos,13,70.09
ES,moveis_sala,13,100.18
ES,construcao_ferramentas_construcao,12,224.7
ES,casa_conforto,11,131.66
ES,livros_interesse_geral,11,144.99
ES,construcao_ferramentas_iluminacao,9,112.48
ES,telefonia_fixa,9,912.64
ES,alimentos_bebidas,7,44.43
ES,market_place,7,118.4
ES,climatizacao,6,149.8
ES,sinalizacao_e_seguranca,6,143.32
ES,construcao_ferramentas_jardim,5,97.96
ES,fashion_calcados,5,156.06
ES,construcao_ferramentas_ferramentas,4,128.5
ES,tablets_impressao_imagem,4,256.7
ES,bebidas,3,62.31
ES,eletrodomesticos_2,3,383.33
ES,eletroportateis,3,222.92
ES,fashion_roupa_masculina,3,148.6
ES,pcs,3,2686.0
ES,agro_industria_e_comercio,2,221.15
ES,artigos_de_festas,2,31.25
ES,artigos_de_natal,2,63.11
ES,flores,2,38.94
ES,industria_comercio_e_negocios,2,68.0
ES,artes,1,49.9
ES,casa_conforto_2,1,12.9
ES,cine_foto,1,94.9
ES,fashion_roupa_feminina,1,115.0
ES,fashion_underwear_e_moda_praia,1,110.0
ES,moveis_cozinha_area_de_servico_jantar_e_jardim,1,48.0
ES,moveis_quarto,1,99.9
DF,beleza_saude,242,122.08
DF,esporte_lazer,218,103.06
DF,cama_mesa_banho,206,78.39
DF,informatica_acessorios,156,152.91
DF,utilidades_domesticas,153,83.94
DF,moveis_decoracao,151,79.61
DF,relogios_presentes,146,221.18
DF,automotivo,106,162.82
DF,brinquedos,95,119.34
DF,telefonia,91,66.48
DF,perfumaria,85,115.3
DF,cool_stuff,78,155.08
DF,bebes,69,124.95
DF,ferramentas_jardim,60,154.12
DF,eletronicos,51,48.2
DF,papelaria,45,96.85
DF,fashion_bolsas_e_acessorios,44,71.55
DF,pet_shop,39,126.1
DF,未分类,32,80.59
DF,consoles_games,27,76.05
DF,malas_acessorios,24,115.7
DF,eletroportateis,22,493.0
DF,moveis_escritorio,18,162.1
DF,audio,16,128.01
DF,livros_interesse_geral,16,74.81
DF,eletrodomesticos,15,120.16
DF,construcao_ferramentas_construcao,11,98.72
DF,instrumentos_musicais,10,253.26
DF,alimentos,9,56.79
DF,artigos_de_natal,8,38.9
DF,casa_conforto,7,74.5
DF,casa_construcao,7,113.38
DF,fashion_calcados,7,134.94
DF,moveis_sala,7,200.81
DF,pcs,7,1541.0
DF,artes,6,94.3
DF,industria_comercio_e_negocios,6,212.0
DF,bebidas,5,58.47
DF,construcao_ferramentas_jardim,5,82.14
DF,eletrodomesticos_2,5,546.78
DF,livros_tecnicos,5,134.56
DF,moveis_cozinha_area_de_servico_jantar_e_jardim,5,264.76
DF,alimentos_bebidas,4,77.7
DF,construcao_ferramentas_iluminacao,4,197.0
DF,market_place,4,81.68
DF,sinalizacao_e_seguranca,4,156.51
DF,climatizacao,3,156.0
DF,construcao_ferramentas_seguranca,3,173.39
DF,dvds_blu_ray,3,40.26
DF,telefonia_fixa,3,24.33
DF,fashion_underwear_e_moda_praia,2,73.08
DF,artes_e_artesanato,1,129.49
DF,artigos_de_festas,1,231.2
DF,cine_foto,1,99.95
DF,fashion_esporte,1,24.99
DF,fashion_roupa_feminina,1,129.9
DF,moveis_colchao_e_estofado,1,249.0
DF,moveis_quarto,1,510.0
DF,musica,1,50.35
DF,portateis_casa_forno_e_cafe,1,750.0
DF,seguros_e_servicos,1,100.0
CE,beleza_saude,162,194.72
CE,relogios_presentes,134,216.61
CE,telefonia,92,75.14
CE,esporte_lazer,91,113.85
CE,informatica_acessorios,87,132.78
CE,moveis_decoracao,83,102.5
CE,cama_mesa_banho,81,83.96
CE,brinquedos,64,121.77
CE,automotivo,58,203.56
CE,utilidades_domesticas,56,124.25
CE,ferramentas_jardim,55,108.74
CE,perfumaria,55,150.96
CE,cool_stuff,50,240.11
CE,eletronicos,45,82.07
CE,papelaria,37,82.01
CE,bebes,31,146.72
CE,moveis_escritorio,28,168.46
CE,fashion_bolsas_e_acessorios,27,92.85
CE,malas_acessorios,23,144.2
CE,未分类,16,188.36
CE,consoles_games,15,242.1
CE,pet_shop,13,87.77
CE,construcao_ferramentas_construcao,10,179.31
CE,casa_construcao,8,187.73
CE,construcao_ferramentas_jardim,8,248.5
CE,eletroportateis,7,622.33
CE,instrumentos_musicais,7,465.95
CE,livros_interesse_geral,7,193.29
CE,agro_industria_e_comercio,6,75.48
CE,eletrodomesticos,6,268.5
CE,pcs,6,1182.8
CE,alimentos,5,69.74
CE,audio,5,180.58
CE,construcao_ferramentas_seguranca,5,176.53
CE,alimentos_bebidas,4,72.96
CE,casa_conforto,4,86.65
CE,market_place,4,139.59
CE,telefonia_fixa,4,92.45
CE,bebidas,3,50.16
CE,eletrodomesticos_2,3,884.63
CE,fashion_calcados,3,83.23
CE,livros_tecnicos,3,85.33
CE,artigos_de_natal,2,79.9
CE,climatizacao,2,223.08
CE,industria_comercio_e_negocios,2,124.0
CE,moveis_sala,2,301.49
CE,construcao_ferramentas_ferramentas,1,93.0
CE,construcao_ferramentas_iluminacao,1,219.9
CE,fashion_roupa_masculina,1,29.99
CE,fraldas_higiene,1,60.0
CE,moveis_cozinha_area_de_servico_jantar_e_jardim,1,140.0
CE,musica,1,149.9
CE,tablets_impressao_imagem,1,29.99
BA,beleza_saude,340,146.93
BA,esporte_lazer,286,129.41
BA,cama_mesa_banho,254,98.23
BA,informatica_acessorios,250,130.54
BA,moveis_decoracao,247,93.61
BA,telefonia,241,83.66
BA,relogios_presentes,225,202.81
BA,ferramentas_jardim,177,135.45
BA,automotivo,155,187.82
BA,utilidades_domesticas,154,107.7
BA,cool_stuff,140,143.87
BA,brinquedos,113,126.99
BA,eletronicos,107,57.78
BA,bebes,94,160.34
BA,moveis_escritorio,92,154.63
BA,perfumaria,81,120.04
BA,fashion_bolsas_e_acessorios,76,88.76
BA,papelaria,75,95.95
BA,pet_shop,61,92.72
BA,未分类,58,102.14
BA,eletrodomesticos,37,69.97
BA,construcao_ferramentas_construcao,36,127.63
BA,consoles_games,34,113.19
BA,instrumentos_musicais,32,300.95
BA,malas_acessorios,30,102.83
BA,pcs,25,841.76
BA,moveis_sala,20,124.72
BA,eletroportateis,18,215.11
BA,alimentos,15,62.17
BA,audio,14,102.19
BA,casa_construcao,14,189.59
BA,livros_interesse_geral,14,64.48
BA,telefonia_fixa,12,344.32
BA,casa_conforto,11,106.4
BA,artes,10,89.9
BA,artigos_de_natal,10,70.32
BA,livros_tecnicos,10,72.05
BA,alimentos_bebidas,8,68.8
BA,construcao_ferramentas_jardim,8,196.17
BA,fashion_roupa_masculina,8,107.99
BA,fashion_calcados,7,121.64
BA,climatizacao,6,138.81
BA,construcao_ferramentas_iluminacao,6,124.01
BA,construcao_ferramentas_seguranca,6,392.66
BA,sinalizacao_e_seguranca,6,120.97
BA,tablets_impressao_imagem,6,84.3
BA,agro_industria_e_comercio,5,451.4
BA,bebidas,5,80.26
BA,construcao_ferramentas_ferramentas,5,117.94
BA,eletrodomesticos_2,5,378.96
BA,fashion_underwear_e_moda_praia,5,126.56
BA,industria_comercio_e_negocios,5,93.0
BA,market_place,4,533.92
BA,moveis_quarto,4,166.75
BA,cine_foto,3,104.95
BA,moveis_cozinha_area_de_servico_jantar_e_jardim,3,67.3
BA,portateis_casa_forno_e_cafe,3,524.97
BA,fashion_esporte,2,62.44
BA,casa_conforto_2,1,12.9
BA,fashion_roupa_feminina,1,64.9
BA,fashion_roupa_infanto_juvenil,1,89.99
BA,livros_importados,1,77.0
BA,portateis_cozinha_e_preparadores_de_alimentos,1,21.52
AP,beleza_saude,10,138.06
AP,informatica_acessorios,8,256.25
AP,relogios_presentes,8,204.98
AP,esporte_lazer,7,116.1
AP,cama_mesa_banho,6,111.58
AP,telefonia_fixa,6,38.82
AP,eletronicos,4,151.89
AP,telefonia,4,76.2
AP,utilidades_domesticas,4,122.62
AP,automotivo,3,405.46
AP,brinquedos,3,99.28
AP,moveis_decoracao,3,90.27
AP,artes,2,72.94
AP,cool_stuff,2,157.0
AP,ferramentas_jardim,2,120.0
AP,instrumentos_musicais,2,146.95
AP,papelaria,2,117.45
AP,pet_shop,2,29.9
AP,agro_industria_e_comercio,1,589.99
AP,consoles_games,1,85.95
AP,pcs,1,1437.0
AM,beleza_saude,20,138.8
AM,informatica_acessorios,16,113.48
AM,telefonia,15,51.07
AM,esporte_lazer,12,113.55
AM,relogios_presentes,10,175.54
AM,cama_mesa_banho,8,85.15
AM,brinquedos,7,103.08
AM,automotivo,6,120.65
AM,papelaria,6,116.5
AM,bebes,5,131.54
AM,ferramentas_jardim,5,396.18
AM,casa_construcao,4,188.35
AM,cool_stuff,4,159.72
AM,eletronicos,4,14.74
AM,moveis_decoracao,4,53.82
AM,pet_shop,4,93.7
AM,utilidades_domesticas,4,102.17
AM,malas_acessorios,3,130.27
AM,consoles_games,2,211.65
AM,construcao_ferramentas_jardim,2,66.4
AM,eletrodomesticos,2,95.4
AM,moveis_escritorio,2,92.4
AM,perfumaria,2,47.44
AM,未分类,2,270.9
AM,alimentos,1,149.9
AM,artes,1,58.35
AM,audio,1,89.9
AM,bebidas,1,47.49
AM,climatizacao,1,89.0
AM,eletrodomesticos_2,1,540.0
AM,fashion_bolsas_e_acessorios,1,699.99
AM,instrumentos_musicais,1,439.0
AM,livros_interesse_geral,1,87.0
AM,market_place,1,180.0
AM,musica,1,16.1
AM,pcs,1,1340.0
AM,tablets_impressao_imagem,1,50.0
AM,telefonia_fixa,1,19.99
AL,beleza_saude,62,204.54
AL,informatica_acessorios,39,195.02
AL,relogios_presentes,35,331.57
AL,esporte_lazer,32,115.56
AL,moveis_decoracao,30,119.62
AL,telefonia,27,164.23
AL,automotivo,22,208.12
AL,cama_mesa_banho,19,101.59
AL,cool_stuff,15,160.07
AL,eletronicos,13,25.05
AL,ferramentas_jardim,13,122.17
AL,brinquedos,12,87.76
AL,perfumaria,12,147.22
AL,utilidades_domesticas,9,66.71
AL,papelaria,8,81.88
AL,bebes,7,104.11
AL,consoles_games,7,383.3
AL,moveis_escritorio,7,144.26
AL,malas_acessorios,6,166.56
AL,audio,5,110.02
AL,fashion_bolsas_e_acessorios,4,57.18
AL,telefonia_fixa,4,182.97
AL,未分类,4,143.74
AL,casa_construcao,3,210.25
AL,fashion_calcados,3,115.47
AL,market_place,3,73.3
AL,moveis_sala,3,243.26
AL,pet_shop,3,731.97
AL,eletrodomesticos,2,61.88
AL,eletrodomesticos_2,2,1172.5
AL,livros_interesse_geral,2,30.5
AL,moveis_cozinha_area_de_servico_jantar_e_jardim,2,72.0
AL,pcs,2,1024.99
AL,agro_industria_e_comercio,1,1476.3
AL,alimentos,1,189.9
AL,alimentos_bebidas,1,44.06
AL,bebidas,1,15.49
AL,casa_conforto,1,89.9
AL,climatizacao,1,540.0
AL,construcao_ferramentas_construcao,1,1045.0
AL,dvds_blu_ray,1,24.9
AL,industria_comercio_e_negocios,1,199.0
AL,instrumentos_musicais,1,367.0
AC,moveis_decoracao,12,109.7
AC,esporte_lazer,9,186.38
AC,informatica_acessorios,8,154.81
AC,beleza_saude,7,198.08
AC,telefonia,5,220.79
AC,automotivo,4,135.24
AC,cama_mesa_banho,4,141.93
AC,eletronicos,4,121.89
AC,relogios_presentes,4,347.4
AC,utilidades_domesticas,4,128.27
AC,bebes,3,232.61
AC,brinquedos,3,78.26
AC,perfumaria,3,101.29
AC,fashion_calcados,2,147.8
AC,ferramentas_jardim,2,314.5
AC,livros_interesse_geral,2,316.9
AC,malas_acessorios,2,174.45
AC,papelaria,2,264.45
AC,未分类,2,33.45
AC,artigos_de_natal,1,69.9
AC,consoles_games,1,276.14
AC,cool_stuff,1,99.99
AC,eletroportateis,1,54.0
AC,fashion_bolsas_e_acessorios,1,89.9
AC,instrumentos_musicais,1,36.9
AC,market_place,1,62.8
AC,moveis_sala,1,79.9
AC,pcs,1,1200.0
