品类中文,品类,销量,差评率,延迟率,延迟组差评率,准时组差评率,延迟贡献,延迟贡献占比,超额差评件数
床品家纺,cama_mesa_banho,10831,18.08,6.89,65.15,14.6,3.48,19.3,377.0
美妆健康,beleza_saude,9402,12.45,7.38,62.68,8.45,4.0,32.1,376.0
运动休闲,esporte_lazer,8377,13.02,6.24,64.63,9.59,3.44,26.4,288.0
家具装饰,moveis_decoracao,8080,17.97,6.92,60.11,14.84,3.13,17.4,253.0
电脑配件,informatica_acessorios,7607,16.98,6.36,61.16,13.98,3.0,17.7,228.0
日用,utilidades_domesticas,6756,14.18,4.9,62.24,11.7,2.48,17.5,167.0
钟表礼品,relogios_presentes,5813,14.81,7.07,63.5,11.11,3.7,25.0,215.0
手机通讯,telefonia,4404,15.53,6.9,57.89,12.39,3.14,20.2,138.0
工具园艺,ferramentas_jardim,4240,14.93,6.46,63.87,11.55,3.38,22.6,143.0
汽车用品,automotivo,4098,13.84,6.98,59.79,10.39,3.45,24.9,141.0
玩具,brinquedos,3998,12.16,6.13,67.35,8.55,3.6,29.6,144.0
酷玩,cool_stuff,3689,11.85,5.75,63.21,8.71,3.13,26.4,116.0
香氛,perfumaria,3329,13.07,6.46,65.12,9.47,3.59,27.5,120.0
婴童,bebes,2959,14.94,7.54,67.26,10.67,4.26,28.6,126.0
电子,eletronicos,2710,14.83,7.56,61.46,11.02,3.82,25.7,103.0
文具,papelaria,2451,11.59,6.73,63.64,7.83,3.76,32.4,92.0
箱包配件,fashion_bolsas_e_acessorios,1975,11.34,5.27,63.46,8.44,2.9,25.5,57.0
宠物用品,pet_shop,1915,12.06,4.86,59.14,9.66,2.4,19.9,46.0
办公家具,moveis_escritorio,1654,25.45,7.92,62.6,22.26,3.19,12.6,53.0
未分类,未分类,1525,19.41,7.48,70.18,15.31,4.1,21.1,63.0
游戏机,consoles_games,1079,12.14,5.56,61.67,9.22,2.92,24.0,31.0
行李箱,malas_acessorios,1073,8.67,4.1,61.36,6.41,2.25,26.0,24.0
construcao_ferramentas_construcao,construcao_ferramentas_construcao,911,14.05,6.15,67.86,10.53,3.52,25.1,32.0
eletrodomesticos,eletrodomesticos,751,10.65,4.53,58.82,8.37,2.28,21.4,17.0
eletroportateis,eletroportateis,653,12.25,4.44,44.83,10.74,1.51,12.4,10.0
instrumentos_musicais,instrumentos_musicais,645,11.94,7.44,70.83,7.2,4.74,39.7,31.0
casa_construcao,casa_construcao,592,17.4,5.91,60.0,14.72,2.68,15.4,16.0
livros_interesse_geral,livros_interesse_geral,532,6.77,6.02,43.75,4.4,2.37,35.0,13.0
moveis_sala,moveis_sala,490,17.14,6.73,66.67,13.57,3.58,20.9,18.0
alimentos,alimentos,487,11.7,6.98,64.71,7.73,3.98,34.0,19.0
casa_conforto,casa_conforto,427,19.67,9.37,55.0,16.02,3.65,18.6,16.0
bebidas,bebidas,361,12.47,4.43,68.75,9.86,2.61,20.9,9.0
audio,audio,358,21.51,11.45,78.05,14.2,7.31,34.0,26.0
market_place,market_place,303,12.87,3.63,45.45,11.64,1.23,9.5,4.0
construcao_ferramentas_iluminacao,construcao_ferramentas_iluminacao,292,13.7,7.53,40.91,11.48,2.22,16.2,6.0
climatizacao,climatizacao,284,15.49,3.52,70.0,13.5,1.99,12.8,6.0
moveis_cozinha_area_de_servico_jantar_e_jardim,moveis_cozinha_area_de_servico_jantar_e_jardim,272,13.6,4.41,58.33,11.54,2.06,15.2,6.0
alimentos_bebidas,alimentos_bebidas,269,6.69,4.09,63.64,4.26,2.43,36.3,7.0
livros_tecnicos,livros_tecnicos,262,10.31,8.02,33.33,8.3,2.01,19.5,5.0
industria_comercio_e_negocios,industria_comercio_e_negocios,261,13.03,5.75,40.0,11.38,1.64,12.6,4.0
fashion_calcados,fashion_calcados,253,10.67,3.95,80.0,7.82,2.85,26.7,7.0
telefonia_fixa,telefonia_fixa,252,23.02,3.57,77.78,20.99,2.03,8.8,5.0
construcao_ferramentas_jardim,construcao_ferramentas_jardim,232,15.52,5.6,38.46,14.16,1.36,8.8,3.0
eletrodomesticos_2,eletrodomesticos_2,230,12.17,6.09,78.57,7.87,4.3,35.4,10.0
agro_industria_e_comercio,agro_industria_e_comercio,206,13.59,3.4,85.71,11.06,2.54,18.7,5.0
pcs,pcs,196,11.73,4.08,75.0,9.04,2.69,22.9,5.0
sinalizacao_e_seguranca,sinalizacao_e_seguranca,196,11.73,3.57,57.14,10.05,1.68,14.3,3.0
artes,artes,195,14.36,6.15,58.33,11.48,2.88,20.1,6.0
construcao_ferramentas_seguranca,construcao_ferramentas_seguranca,182,17.58,2.75,100.0,15.25,2.33,13.2,4.0
artigos_de_natal,artigos_de_natal,143,13.29,6.29,44.44,11.19,2.09,15.8,3.0
fashion_underwear_e_moda_praia,fashion_underwear_e_moda_praia,126,15.87,9.52,83.33,8.77,7.1,44.7,9.0
fashion_roupa_masculina,fashion_roupa_masculina,124,25.0,4.84,83.33,22.03,2.97,11.9,4.0
moveis_quarto,moveis_quarto,103,12.62,6.8,85.71,7.29,5.33,42.2,5.0
construcao_ferramentas_ferramentas,construcao_ferramentas_ferramentas,99,8.08,5.05,40.0,6.38,1.7,21.0,2.0
tablets_impressao_imagem,tablets_impressao_imagem,81,13.58,4.94,75.0,10.39,3.19,23.5,3.0
portateis_casa_forno_e_cafe,portateis_casa_forno_e_cafe,73,6.85,5.48,50.0,4.35,2.5,36.5,2.0
cine_foto,cine_foto,70,12.86,5.71,50.0,10.61,2.25,17.5,2.0
dvds_blu_ray,dvds_blu_ray,61,14.75,6.56,100.0,8.77,5.98,40.5,4.0
livros_importados,livros_importados,57,8.77,3.51,100.0,5.45,3.32,37.8,2.0
fashion_roupa_feminina,fashion_roupa_feminina,45,13.33,6.67,33.33,11.9,1.43,10.7,1.0
artigos_de_festas,artigos_de_festas,42,21.43,0.0,,21.43,,,
musica,musica,38,10.53,5.26,100.0,5.56,4.97,47.2,2.0
moveis_colchao_e_estofado,moveis_colchao_e_estofado,37,18.92,13.51,60.0,12.5,6.42,33.9,2.0
fraldas_higiene,fraldas_higiene,37,21.62,0.0,,21.62,,,
flores,flores,31,6.45,3.23,100.0,3.33,3.12,48.3,1.0
fashion_esporte,fashion_esporte,29,6.9,3.45,0.0,7.14,-0.25,-3.6,-0.0
casa_conforto_2,casa_conforto_2,27,25.93,14.81,75.0,17.39,8.53,32.9,2.0
artes_e_artesanato,artes_e_artesanato,24,12.5,4.17,100.0,8.7,3.8,30.4,1.0
portateis_cozinha_e_preparadores_de_alimentos,portateis_cozinha_e_preparadores_de_alimentos,14,28.57,7.14,0.0,30.77,-2.2,-7.7,-0.0
cds_dvds_musicais,cds_dvds_musicais,14,0.0,0.0,,0.0,,,
la_cuisine,la_cuisine,13,23.08,0.0,,23.08,,,
pc_gamer,pc_gamer,8,25.0,0.0,,25.0,,,
fashion_roupa_infanto_juvenil,fashion_roupa_infanto_juvenil,7,0.0,0.0,,0.0,,,
seguros_e_servicos,seguros_e_servicos,2,50.0,0.0,,50.0,,,
