品类,销量,订单数,差评率,延迟率,延迟组差评率,准时组差评率,延迟贡献,延迟贡献占比,超额差评件数,延迟率差(对平台)
cama_mesa_banho,10831,9177,18.08,6.89,65.15,14.6,3.48,19.3,377.0,0.41
beleza_saude,9402,8601,12.45,7.38,62.68,8.45,4.0,32.1,376.0,0.9
esporte_lazer,8377,7485,13.02,6.24,64.63,9.59,3.44,26.4,288.0,-0.23
moveis_decoracao,8080,6260,17.97,6.92,60.11,14.84,3.13,17.4,253.0,0.44
informatica_acessorios,7607,6498,16.98,6.36,61.16,13.98,3.0,17.7,228.0,-0.11
utilidades_domesticas,6756,5709,14.18,4.9,62.24,11.7,2.48,17.5,167.0,-1.58
relogios_presentes,5813,5452,14.81,7.07,63.5,11.11,3.7,25.0,215.0,0.59
telefonia,4404,4069,15.53,6.9,57.89,12.39,3.14,20.2,138.0,0.43
ferramentas_jardim,4240,3428,14.93,6.46,63.87,11.55,3.38,22.6,143.0,-0.01
automotivo,4098,3791,13.84,6.98,59.79,10.39,3.45,24.9,141.0,0.5
brinquedos,3998,3773,12.16,6.13,67.35,8.55,3.6,29.6,144.0,-0.35
cool_stuff,3689,3531,11.85,5.75,63.21,8.71,3.13,26.4,116.0,-0.73
perfumaria,3329,3076,13.07,6.46,65.12,9.47,3.59,27.5,120.0,-0.02
bebes,2959,2787,14.94,7.54,67.26,10.67,4.26,28.6,126.0,1.06
eletronicos,2710,2498,14.83,7.56,61.46,11.02,3.82,25.7,103.0,1.09
papelaria,2451,2251,11.59,6.73,63.64,7.83,3.76,32.4,92.0,0.26
fashion_bolsas_e_acessorios,1975,1811,11.34,5.27,63.46,8.44,2.9,25.5,57.0,-1.21
pet_shop,1915,1680,12.06,4.86,59.14,9.66,2.4,19.9,46.0,-1.62
moveis_escritorio,1654,1244,25.45,7.92,62.6,22.26,3.19,12.6,53.0,1.44
未分类,1525,1382,19.41,7.48,70.18,15.31,4.1,21.1,63.0,1.0
consoles_games,1079,1009,12.14,5.56,61.67,9.22,2.92,24.0,31.0,-0.92
malas_acessorios,1073,1015,8.67,4.1,61.36,6.41,2.25,26.0,24.0,-2.38
construcao_ferramentas_construcao,911,731,14.05,6.15,67.86,10.53,3.52,25.1,32.0,-0.33
eletrodomesticos,751,744,10.65,4.53,58.82,8.37,2.28,21.4,17.0,-1.95
eletroportateis,653,604,12.25,4.44,44.83,10.74,1.51,12.4,10.0,-2.04
instrumentos_musicais,645,605,11.94,7.44,70.83,7.2,4.74,39.7,31.0,0.97
casa_construcao,592,481,17.4,5.91,60.0,14.72,2.68,15.4,16.0,-0.56
livros_interesse_geral,532,491,6.77,6.02,43.75,4.4,2.37,35.0,13.0,-0.46
moveis_sala,490,409,17.14,6.73,66.67,13.57,3.58,20.9,18.0,0.26
alimentos,487,437,11.7,6.98,64.71,7.73,3.98,34.0,19.0,0.5
casa_conforto,427,390,19.67,9.37,55.0,16.02,3.65,18.6,16.0,2.89
bebidas,361,287,12.47,4.43,68.75,9.86,2.61,20.9,9.0,-2.04
audio,358,345,21.51,11.45,78.05,14.2,7.31,34.0,26.0,4.98
market_place,303,272,12.87,3.63,45.45,11.64,1.23,9.5,4.0,-2.85
construcao_ferramentas_iluminacao,292,239,13.7,7.53,40.91,11.48,2.22,16.2,6.0,1.06
climatizacao,284,242,15.49,3.52,70.0,13.5,1.99,12.8,6.0,-2.96
moveis_cozinha_area_de_servico_jantar_e_jardim,272,239,13.6,4.41,58.33,11.54,2.06,15.2,6.0,-2.06
alimentos_bebidas,269,221,6.69,4.09,63.64,4.26,2.43,36.3,7.0,-2.39
livros_tecnicos,262,255,10.31,8.02,33.33,8.3,2.01,19.5,5.0,1.54
industria_comercio_e_negocios,261,229,13.03,5.75,40.0,11.38,1.64,12.6,4.0,-0.73
fashion_calcados,253,231,10.67,3.95,80.0,7.82,2.85,26.7,7.0,-2.52
telefonia_fixa,252,209,23.02,3.57,77.78,20.99,2.03,8.8,5.0,-2.91
construcao_ferramentas_jardim,232,190,15.52,5.6,38.46,14.16,1.36,8.8,3.0,-0.87
eletrodomesticos_2,230,226,12.17,6.09,78.57,7.87,4.3,35.4,10.0,-0.39
agro_industria_e_comercio,206,177,13.59,3.4,85.71,11.06,2.54,18.7,5.0,-3.08
pcs,196,174,11.73,4.08,75.0,9.04,2.69,22.9,5.0,-2.4
sinalizacao_e_seguranca,196,137,11.73,3.57,57.14,10.05,1.68,14.3,3.0,-2.91
artes,195,193,14.36,6.15,58.33,11.48,2.88,20.1,6.0,-0.32
construcao_ferramentas_seguranca,182,158,17.58,2.75,100.0,15.25,2.33,13.2,4.0,-3.73
artigos_de_natal,143,123,13.29,6.29,44.44,11.19,2.09,15.8,3.0,-0.18
fashion_underwear_e_moda_praia,126,116,15.87,9.52,83.33,8.77,7.1,44.7,9.0,3.05
fashion_roupa_masculina,124,105,25.0,4.84,83.33,22.03,2.97,11.9,4.0,-1.64
moveis_quarto,103,90,12.62,6.8,85.71,7.29,5.33,42.2,5.0,0.32
construcao_ferramentas_ferramentas,99,94,8.08,5.05,40.0,6.38,1.7,21.0,2.0,-1.43
tablets_impressao_imagem,81,77,13.58,4.94,75.0,10.39,3.19,23.5,3.0,-1.54
portateis_casa_forno_e_cafe,73,72,6.85,5.48,50.0,4.35,2.5,36.5,2.0,-1.0
cine_foto,70,63,12.86,5.71,50.0,10.61,2.25,17.5,2.0,-0.76
dvds_blu_ray,61,56,14.75,6.56,100.0,8.77,5.98,40.5,4.0,0.08
livros_importados,57,50,8.77,3.51,100.0,5.45,3.32,37.8,2.0,-2.97
fashion_roupa_feminina,45,36,13.33,6.67,33.33,11.9,1.43,10.7,1.0,0.19
artigos_de_festas,42,38,21.43,0.0,,21.43,,,,-6.48
musica,38,38,10.53,5.26,100.0,5.56,4.97,47.2,2.0,-1.21
moveis_colchao_e_estofado,37,37,18.92,13.51,60.0,12.5,6.42,33.9,2.0,7.04
fraldas_higiene,37,25,21.62,0.0,,21.62,,,,-6.48
flores,31,28,6.45,3.23,100.0,3.33,3.12,48.3,1.0,-3.25
fashion_esporte,29,26,6.9,3.45,0.0,7.14,-0.25,-3.6,-0.0,-3.03
casa_conforto_2,27,23,25.93,14.81,75.0,17.39,8.53,32.9,2.0,8.34
artes_e_artesanato,24,23,12.5,4.17,100.0,8.7,3.8,30.4,1.0,-2.31
portateis_cozinha_e_preparadores_de_alimentos,14,13,28.57,7.14,0.0,30.77,-2.2,-7.7,-0.0,0.67
cds_dvds_musicais,14,12,0.0,0.0,,0.0,,,,-6.48
la_cuisine,13,12,23.08,0.0,,23.08,,,,-6.48
pc_gamer,8,7,25.0,0.0,,25.0,,,,-6.48
fashion_roupa_infanto_juvenil,7,7,0.0,0.0,,0.0,,,,-6.48
seguros_e_servicos,2,2,50.0,0.0,,50.0,,,,-6.48
