地点组,订单数,中位距离,配送P50,配送P90,配送P95,最短安全承诺,现状延迟率,承诺后延迟率,距离档,基准延迟率,该订单延迟率-该档位平均延迟率,延迟率是否不正常,超额延迟贡献
SPRJ,8021,382.86293618655907,12.0,31.0,40.0,37,14.250093504550554,5.984291235506794,200-500,6.470765824695582,7.779327679854972,不正常,62398.0
SPES,1436,760.4420770065099,13.0,25.0,31.0,30,12.325905292479108,5.153203342618385,500-1000,7.190984672366918,5.13492062011219,不正常,7374.0
SPBA,2265,1447.8227773571018,17.0,32.0,37.0,36,12.891832229580574,5.209713024282561,1000-2000,9.668364694874727,3.223467534705847,不正常,7301.0
SPSC,2299,544.394764689195,13.0,26.200000000000273,32.0,31,9.569377990430622,5.263157894736842,500-1000,7.190984672366918,2.3783933180637042,不正常,5468.0
PRRJ,948,839.5582385975663,14.0,33.0,42.0,39,12.341772151898734,5.80168776371308,500-1000,7.190984672366918,5.150787479531816,不正常,4883.0
SPMA,482,2236.3886807389813,19.0,34.0,41.94999999999999,39,18.87966804979253,5.601659751037345,2000+,12.134266738467062,6.74540131132547,不正常,3251.0
SPSP,30256,94.266469761874,6.0,14.0,18.0,17,4.6932839767318875,5.42702273929138,0-200,4.588438450785297,0.10484552594659036,正常,3172.0
SPMS,469,851.9237445006032,14.0,26.0,31.599999999999966,29,12.366737739872068,6.396588486140725,500-1000,7.190984672366918,5.17575306750515,不正常,2427.0
MGRJ,1113,342.4943152565173,11.0,24.0,33.399999999999864,31,8.355795148247978,6.109613656783468,200-500,6.470765824695582,1.8850293235523958,不正常,2098.0
RJSP,1299,369.321618551704,9.0,21.0,26.0,25,7.929176289453426,5.465742879137799,200-500,6.470765824695582,1.4584104647578435,不正常,1894.0
SPCE,957,2316.5397035753167,18.0,34.0,44.0,40,13.897596656217345,6.0606060606060606,2000+,12.134266738467062,1.7633299177502835,不正常,1688.0
SPPI,324,2078.441412984881,16.0,32.0,39.849999999999966,36,16.666666666666664,6.481481481481481,2000+,12.134266738467062,4.532399928199602,不正常,1468.0
SCRJ,463,747.2636587348748,13.0,27.80000000000001,36.0,33,9.287257019438446,6.047516198704104,500-1000,7.190984672366918,2.096272347071528,不正常,971.0
SPGO,1386,795.9424668617535,14.0,25.0,30.0,28,7.6479076479076475,5.916305916305916,500-1000,7.190984672366918,0.4569229755407296,正常,633.0
RJRJ,941,37.74268030206373,5.0,11.0,14.0,14,4.782146652497343,4.463336875664187,0-200,4.588438450785297,0.19370820171204617,正常,182.0
MGBA,360,1025.5881504907275,14.5,28.0,36.0,34,10.0,6.111111111111111,1000-2000,9.668364694874727,0.33163530512527295,正常,119.0
SPPA,673,2428.015015270347,20.0,40.0,46.0,45,12.035661218424963,5.349182763744428,2000+,12.134266738467062,-0.09860552004209922,正常,-66.0
RJMG,547,339.106354413535,10.0,20.400000000000034,26.0,25,6.032906764168191,5.484460694698354,200-500,6.470765824695582,-0.43785906052739154,正常,-240.0
PRSC,382,405.9748400316661,11.0,22.0,27.94999999999999,25,5.49738219895288,6.544502617801047,200-500,6.470765824695582,-0.9733836257427022,正常,-372.0
SPPB,328,2183.3620049559186,18.0,34.0,39.64999999999998,37,10.670731707317072,6.097560975609756,2000+,12.134266738467062,-1.4635350311499895,正常,-480.0
SPRN,329,2285.993419231167,17.0,34.0,42.0,38,10.030395136778116,6.68693009118541,2000+,12.134266738467062,-2.1038716016889456,正常,-692.0
SPDF,1249,862.061402324547,11.0,22.0,26.0,25,6.5652522017614094,5.604483586869495,500-1000,7.190984672366918,-0.6257324706055085,正常,-782.0
SCMG,422,937.200982426598,13.0,22.0,26.94999999999999,25,3.5545023696682465,5.924170616113744,500-1000,7.190984672366918,-3.6364823026986715,正常,-1535.0
PRRS,561,620.4231126842111,12.0,21.0,25.0,23,4.27807486631016,6.23885918003565,500-1000,7.190984672366918,-2.912909806056758,正常,-1634.0
SPRS,3526,866.9826653427499,13.0,27.0,34.0,32,6.664775950085082,5.927396483267159,500-1000,7.190984672366918,-0.5262087222818357,正常,-1855.0
MGPR,361,815.955172467106,11.0,19.0,21.0,21,1.10803324099723,4.986149584487535,500-1000,7.190984672366918,-6.082951431369688,正常,-2196.0
SPMT,636,1330.7637189890736,15.0,26.0,33.25,30,5.9748427672955975,6.132075471698113,1000-2000,9.668364694874727,-3.6935219275791296,正常,-2349.0
SPPE,1121,2103.3853285488804,15.0,31.0,39.0,37,9.812667261373774,6.333630686886709,2000+,12.134266738467062,-2.3215994770932884,正常,-2603.0
PRMG,801,838.289852572402,12.0,22.0,27.0,25,3.870162297128589,5.867665418227216,500-1000,7.190984672366918,-3.320822375238329,正常,-2660.0
PRPR,698,250.6212233493917,7.0,14.0,16.0,16,2.5787965616045847,4.871060171919771,200-500,6.470765824695582,-3.8919692630909974,正常,-2717.0
SCSP,1287,488.59105546582833,10.0,19.0,24.0,23,3.7296037296037294,5.516705516705517,200-500,6.470765824695582,-2.7411620950918527,正常,-3528.0
RSSP,658,846.2647846065612,8.0,15.0,18.0,18,1.21580547112462,4.86322188449848,500-1000,7.190984672366918,-5.975179201242298,正常,-3932.0
MGMG,1498,238.64777185894968,7.0,15.0,18.0,18,2.469959946595461,4.939919893190922,200-500,6.470765824695582,-4.000805878100121,正常,-5993.0
SPPR,3057,419.3147949585013,11.0,21.0,25.0,25,4.416094210009813,4.579653254824992,200-500,6.470765824695582,-2.054671614685769,正常,-6281.0
MGSP,2485,467.44583096424225,9.0,18.0,22.0,21,3.6619718309859155,5.794768611670021,200-500,6.470765824695582,-2.8087939937096666,正常,-6980.0
SPMG,7302,488.6142106942417,10.0,20.0,25.0,24,5.341002465078061,5.231443440153383,200-500,6.470765824695582,-1.1297633596175212,正常,-8250.0
PRSP,2869,469.00334862595616,9.0,18.0,22.0,21,3.1369815266643433,5.437434646218194,200-500,6.470765824695582,-3.333784298031239,正常,-9565.0
